Item,Cost (Low),Cost (High),Cost(Mid),Unit,Qty,Markup Percentage,Cost Code,Category,ID,,,,,,,,,,,,,,,,,,
,,,,,,,,,,,,,,,,,,,,,,,,,,,
Preparations and Prelimanaries,,,,,,,,,,,,,,,,,,,,,,,,,,,
Portable Toilet,$350.00,$350.00,$350.00,Monthly,,70.00,01500,Preparations and Prelimanaries,pr1,,,,,,,,,,,,,,,,,,
Dumpster,$610.00,$610.00,$610.00,Monthly,,70.00,01741,Preparations and Prelimanaries,pr2,,,,,,,,,,,,,,,,,,
Dumpster Additional Pickups,$250.00,$250.00,$250.00,Each,,70.00,01741,Preparations and Prelimanaries,pr3,,,,,,,,,,,,,,,,,,
Protection Material,"$1,250.00","$2,500.00","$1,875.00",Each,,70.00,01760,Preparations and Prelimanaries,pr4,,,,,,,,,,,,,,,,,,
Project Manager,"$2,600.00","$2,600.00","$2,600.00",Monthly,,0.00,01010,Preparations and Prelimanaries,pr5,,,,,,,,,,,,,,,,,,
Project Coordinator,,,,,,,01011,Preparations and Prelimanaries,pr6,,,,,,,,,,,,,,,,,,
Superintendent,"$2,600.00","$3,900.00","$3,250.00",Monthly,,0.00,01012,Preparations and Prelimanaries,pr7,,,,,,,,,,,,,,,,,,
Project Administrator,"$1,750.00","$1,750.00","$1,750.00",Monthly,,0.00,01013,Preparations and Prelimanaries,pr8,,,,,,,,,,,,,,,,,,
Construction Manager,,,,,,,01014,Preparations and Prelimanaries,pr9,,,,,,,,,,,,,,,,,,
Carpenter / Tool Person,"$1,400.00","$1,400.00","$1,400.00",Monthly,,0.00,01016,Preparations and Prelimanaries,pr10,,,,,,,,,,,,,,,,,,
Construction Site Tech ,$900.00,$900.00,$900.00,Monthly,,0.00,01015,Preparations and Prelimanaries,pr11,,,,,,,,,,,,,,,,,,
Estimator,,,,,,,01017,Preparations and Prelimanaries,pr12,,,,,,,,,,,,,,,,,,
,,,,,,,,,,,,,,,,,,,,,,,,,,,
,,,,,,,,,,,,,,,,,,,,,,,,,,,
,,,,,,,,,,,,,,,,,,,,,,,,,,,
Demo,,,,,,,,,,,,,,,,,,,,,,,,,,,
Interior Walls,,,,,,,,,,,,,,,,,,,,,,,,,,,
Demo Interior Walls,$1.00,$1.00,$1.00,Sq Ft,,70.00,02220,Demo,de1,,,,,,,,,,,,,,,,,,
Demo Strip Drywall,$1.00,$1.00,$1.00,Sq Ft,,70.00,02220,Demo,de2,,,,,,,,,,,,,,,,,,
Demo Doors/Frame/Trim,$50.00,$75.00,$62.50,Each,,70.00,02220,Demo,de3,,,,,,,,,,,,,,,,,,
Exterior Walls,,,,,,,,,,,,,,,,,,,,,,,,,,,
Demo Stucco,$5.00,$5.00,$5.00,Sq Ft,,70.00,02220,Demo,de4,,,,,,,,,,,,,,,,,,
Demo Stone Veneer,$2.00,$2.00,$2.00,Sq Ft,,70.00,02220,Demo,de5,,,,,,,,,,,,,,,,,,
Demo Windows,$100.00,$150.00,$125.00,Each,,70.00,02220,Demo,de6,,,,,,,,,,,,,,,,,,
Demo Sliding Glass Doors,$200.00,$400.00,$300.00,Each,,70.00,02220,Demo,de7,,,,,,,,,,,,,,,,,,
Flooring,,,,,,,,,,,,,,,,,,,,,,,,,,,
Demo Baseboards,$400.00,$600.00,$500.00,Whole House,,70.00,02220,Demo,de8,,,,,,,,,,,,,,,,,,
Demo Ceramic Tile,$2.00,$2.00,$2.00,Sq Ft,,70.00,02220,Demo,de9,,,,,,,,,,,,,,,,,,
Demo Slate Tile,$3.00,$3.00,$3.00,Sq Ft,,70.00,02220,Demo,de10,,,,,,,,,,,,,,,,,,
Demo Travertine,$2.00,$2.00,$2.00,Sq Ft,,70.00,02220,Demo,de11,,,,,,,,,,,,,,,,,,
Demo Flagstone,$2.00,$2.00,$2.00,Sq Ft,,70.00,02220,Demo,de12,,,,,,,,,,,,,,,,,,
Demo Carpet,$1.00,$1.00,$1.00,Sq Ft,,70.00,02220,Demo,de13,,,,,,,,,,,,,,,,,,
Demo Saltillo Tile,$4.00,$4.00,$4.00,Sq Ft,,70.00,02220,Demo,de14,,,,,,,,,,,,,,,,,,
Demo Laminate Wood,$1.00,$1.00,$1.00,Sq Ft,,70.00,02220,Demo,de15,,,,,,,,,,,,,,,,,,
Demo Glue Down Wood,$5.00,$5.00,$5.00,Sq Ft,,70.00,02220,Demo,de16,,,,,,,,,,,,,,,,,,
Demo Wood with Subfloor,$3.50,$3.50,$3.50,Sq Ft,,70.00,02220,Demo,de17,,,,,,,,,,,,,,,,,,
Kitchen,,,,,,,,,,,,,,,,,,,,,,,,,,,
Demo Full Kitchen (Tract),$600.00,"$1,200.00",$900.00,Whole House,,70.00,02220,Demo,de18,,,,,,,,,,,,,,,,,,
Demo Full Kitchen (Custom),"$1,500.00","$2,500.00","$2,000.00",Whole House,,70.00,02220,Demo,de19,,,,,,,,,,,,,,,,,,
Bathrooms,,,,,,70.00,02220,Demo,de20,,,,,,,,,,,,,,,,,,
Demo Toilet(s),$75.00,$75.00,$75.00,Each,,70.00,02220,Demo,de21,,,,,,,,,,,,,,,,,,
Demo Sink(s),$50.00,$50.00,$50.00,Each,,70.00,02220,Demo,de22,,,,,,,,,,,,,,,,,,
Demo Vanity(ies),$100.00,$100.00,$100.00,Each,,70.00,02220,Demo,de23,,,,,,,,,,,,,,,,,,
Demo Full Master Bathroom (Small),$800.00,"$1,200.00","$1,000.00",Whole House,,70.00,02220,Demo,de24,,,,,,,,,,,,,,,,,,
Demo Full Master Bathroom (Custom),"$1,500.00","$3,000.00","$2,250.00",Whole House,,70.00,02220,Demo,de25,,,,,,,,,,,,,,,,,,
Demo Platform Tub/Surround,$800.00,$800.00,$800.00,Each,,70.00,02220,Demo,de26,,,,,,,,,,,,,,,,,,
Demo Powder Bath,$250.00,$400.00,$325.00,Each,,70.00,02220,Demo,de27,,,,,,,,,,,,,,,,,,
Demo Secondary Bath,$600.00,$800.00,$700.00,Each,,70.00,02220,Demo,de28,,,,,,,,,,,,,,,,,,
"Demo Accessories (Mirrors, Lights, Etc.)",$100.00,$100.00,$100.00,Each,,70.00,02220,Demo,de29,,,,,,,,,,,,,,,,,,
Ceilings,,,,,,,,,,,,,,,,,,,,,,,,,,,
Demo Drywall Lid and Insulation,$5.00,$5.00,$5.00,Sq Ft,,70.00,02220,Demo,de30,,,,,,,,,,,,,,,,,,
Demo Drywall Lid Commercial,$2.00,$2.00,$2.00,Sq Ft,,70.00,02220,Demo,de31,,,,,,,,,,,,,,,,,,
Demo Grid Celing with Duct and Lighting,$1.00,$1.00,$1.00,Sq Ft,,70.00,02220,Demo,de32,,,,,,,,,,,,,,,,,,
Demo Popcorn Ceiling,$2.00,$2.00,$2.00,Sq Ft,,70.00,02220,Demo,de33,,,,,,,,,,,,,,,,,,
Demo Soffits,$5.00,$12.00,$8.50,LF,,70.00,02220,Demo,de34,,,,,,,,,,,,,,,,,,
Demo Hanging Lights/Fans,$25.00,$25.00,$25.00,Each,,70.00,02220,Demo,de35,,,,,,,,,,,,,,,,,,
Concrete,,,,,,,,,,,,,,,,,,,,,,,,,,,
Demo Concrete Pad,$3.00,$6.00,$4.50,Sq Ft,,70.00,02220,Demo,de36,,,,,,,,,,,,,,,,,,
Saw Cut Concrete (Add $100 for Blade),$5.00,$5.00,$5.00,LF,,70.00,02220,Demo,de37,,,,,,,,,,,,,,,,,,
,,,,,,,,,,,,,,,,,,,,,,,,,,,
,,,,,,,,,,,,,,,,,,,,,,,,,,,
Concrete/Block Work,,,,,,,,,,,,,,,,,,,,,,,,,,,
Block Work,,,,,,,,,,,,,,,,,,,,,,,,,,,
Masonry 8x8x16 CMU Material,$2.50,$8.50,$5.50,Sq Ft,,70.00,04200,Concrete/Masonry,cm1,,,,,,,,,,,,,,,,,,
Masonry 8x8x16 CMU Installation,$7.50,$15.00,$11.25,Sq Ft,,70.00,04200,Concrete/Masonry,cm2,,,,,,,,,,,,,,,,,,
"Masonry Additional Materials (grout, mortar, rebar, wire)",$7.75,$12.75,$10.25,Sq Ft,,70.00,04200,Concrete/Masonry,cm3,,,,,,,,,,,,,,,,,,
Scaffold (walls above 6'),$3.40,$5.40,$4.40,Sq Ft,,70.00,01542,Concrete/Masonry,cm4,,,,,,,,,,,,,,,,,,
Iron (Lintils),$18.00,$21.00,$19.50,LF,,70.00,04200,Concrete/Masonry,cm5,,,,,,,,,,,,,,,,,,
All in CMU Pricing,,,,,,,,,,,,,,,,,,,,,,,,,,,
CMU Non-Structural (>10' H),$17.75,$20.00,$18.88,Sq Ft,,70.00,04200,Concrete/Masonry,cm6,,,,,,,,,,,,,,,,,,
CMU Non-Structural (<10' H),$20.00,$25.00,$22.50,Sq Ft,,70.00,04200,Concrete/Masonry,cm7,,,,,,,,,,,,,,,,,,
CMU Structural,$25.00,$40.00,$32.50,Sq Ft,,70.00,04200,Concrete/Masonry,cm8,,,,,,,,,,,,,,,,,,
"Equipment (Forkilfts, Booms, Etc.)","$2,500.00","$35,000.00","$18,750.00",Each,,70.00,04200,Concrete/Masonry,cm9,,,,,,,,,,,,,,,,,,
Footers,,,,,,,,,,,,,,,,,,,,,,,,,,,
"Concrete Footers 18""",$32.00,$32.00,$32.00,LF,,70.00,03300,Concrete/Masonry,cm10,,,,,,,,,,,,,,,,,,
"Concrete Footers 24""",$38.00,$38.00,$38.00,LF,,70.00,03300,Concrete/Masonry,cm11,,,,,,,,,,,,,,,,,,
Concrete Pier Footing(s) 3' x 3',$400.00,$400.00,$400.00,Each,,70.00,03300,Concrete/Masonry,cm12,,,,,,,,,,,,,,,,,,
Flat Work,,,,,,70.00,,,,,,,,,,,,,,,,,,,,,
"Concrete 4"" Slab (Minimum $1150)",$8.00,$10.00,$9.00,Sq Ft,,70.00,03320,Concrete/Masonry,cm13,,,,,,,,,,,,,,,,,,
"Concrete 6"" Slab (Minimum $1150)",$10.00,$12.00,$11.00,Sq Ft,,70.00,03320,Concrete/Masonry,cm14,,,,,,,,,,,,,,,,,,
Stone Veneer,,,,,,70.00,,,,,,,,,,,,,,,,,,,,,
Stone Veneer Materials and Install,$25.00,$25.00,$25.00,Sq Ft,,70.00,04700,Concrete/Masonry,cm15,,,,,,,,,,,,,,,,,,
,,,,,,,,,,,,,,,,,,,,,,,,,,,
,,,,,,,,,,,,,,,,,,,,,,,,,,,
Framing,,,,,,,,,,,,,,,,,,,,,,,,,,,
Framing of Liveable Space,$40.00,$55.00,$47.50,Sq Ft,,70.00,06100,Framing,fr1,,,,,,,,,,,,,,,,,,
Framing of Garage Space,$25.00,$30.00,$27.50,Sq Ft,,70.00,06100,Framing,fr2,,,,,,,,,,,,,,,,,,
Framing of Patio,$15.00,$25.00,$20.00,Sq Ft,,70.00,06100,Framing,fr3,,,,,,,,,,,,,,,,,,
,,,,,,,,,,,,,,,,,,,,,,,,,,,
,,,,,,,,,,,,,,,,,,,,,,,,,,,
Electrical,,,,,,,,,,,,,,,,,,,,,,,,,,,
Electrical Remove and Replace (Outlets),$45.00,$55.00,$50.00,Each,,70.00,16100,Electrical,el1,,,,,,,,,,,,,,,,,,
Electrical Remove and Replace (Can Lights),$75.00,$150.00,$112.50,Each,,70.00,16100,Electrical,el2,,,,,,,,,,,,,,,,,,
Electrical Remove and Replace (Switches),$30.00,$45.00,$37.50,Each,,70.00,16100,Electrical,el3,,,,,,,,,,,,,,,,,,
Electrical Remove and Replace (Ceiling Fans),$125.00,$250.00,$187.50,Each,,70.00,16100,Electrical,el4,,,,,,,,,,,,,,,,,,
Electrical Remove and Replace (Fixtures),$125.00,$350.00,$237.50,Each,,70.00,16100,Electrical,el5,,,,,,,,,,,,,,,,,,
Electrical GFCI/USB Outlet,$70.00,$125.00,$97.50,Each,,70.00,16100,Electrical,el6,,,,,,,,,,,,,,,,,,
Electrical New (Outlets 120),$65.00,$135.00,$100.00,Each,,70.00,16100,Electrical,el7,,,,,,,,,,,,,,,,,,
Electrical New (Outlets 240),$100.00,$150.00,$125.00,Each,,70.00,16100,Electrical,el8,,,,,,,,,,,,,,,,,,
Electrical New (Can Lights),$100.00,$200.00,$150.00,Each,,70.00,16100,Electrical,el9,,,,,,,,,,,,,,,,,,
Electrical New (Switch Leg),$100.00,$200.00,$150.00,Each,,70.00,16100,Electrical,el10,,,,,,,,,,,,,,,,,,
Electrical Tape Light,$55.00,$65.00,$60.00,LF,,70.00,16100,Electrical,el11,,,,,,,,,,,,,,,,,,
Electrical Tape Light Driver,$150.00,$250.00,$200.00,Each,,70.00,16100,Electrical,el12,,,,,,,,,,,,,,,,,,
Electrical Install New Fixtures,$250.00,$350.00,$300.00,Each,,70.00,16100,Electrical,el13,,,,,,,,,,,,,,,,,,
Electrical New 200 Amp Service,"$4,000.00","$6,000.00","$5,000.00",Each,,70.00,16100,Electrical,el14,,,,,,,,,,,,,,,,,,
Electrical New 400 Amp Service,"$6,000.00","$7,000.00","$6,500.00",Each,,70.00,16100,Electrical,el15,,,,,,,,,,,,,,,,,,
Electrical New 600 Amp Service,"$10,000.00","$12,000.00","$11,000.00",Each,,70.00,16100,Electrical,el16,,,,,,,,,,,,,,,,,,
Electrical New 125 Amp Sub-Panel,"$1,800.00","$2,500.00","$2,150.00",Each,,70.00,16100,Electrical,el17,,,,,,,,,,,,,,,,,,
Electrical New 200 Amp Sub-Panel,"$2,400.00","$3,200.00","$2,800.00",Each,,70.00,16100,Electrical,el18,,,,,,,,,,,,,,,,,,
Electrical New Dedicated Circuit 240,$195.00,$750.00,$472.50,Each,,70.00,16100,Electrical,el19,,,,,,,,,,,,,,,,,,
Electrical New Dedicated Circuit 120,$150.00,$650.00,$400.00,Each,,70.00,16100,Electrical,el20,,,,,,,,,,,,,,,,,,
Electrical Full House Surge Protection,$400.00,$400.00,$400.00,Each,,70.00,16100,Electrical,el21,,,,,,,,,,,,,,,,,,
Electrical New Underground Conduit,$10.00,$40.00,$25.00,LF,,70.00,16100,Electrical,el22,,,,,,,,,,,,,,,,,,
,,,,,,,,,,,,,,,,,,,,,,,,,,,
,,,,,,,,,,,,,,,,,,,,,,,,,,,
Plumbing,,,,,,,,,,,,,,,,,,,,,,,,,,,
Rough,,,,,,,,,,,,,,,,,,,,,,,,,,,
Plumbing Shower Valve(s) (Rough-in),$400.00,$650.00,$525.00,Each,,70.00,15100,Plumbing,pl1,,,,,,,,,,,,,,,,,,
Plumbing Shower Valve(s) W/ Diverter (Rough-in),$500.00,$750.00,$625.00,Each,,70.00,15100,Plumbing,pl2,,,,,,,,,,,,,,,,,,
Plumbing Sink(s) (Rough-in),$350.00,$750.00,$550.00,Each,,70.00,15100,Plumbing,pl3,,,,,,,,,,,,,,,,,,
Plumbing Bathtub(s) (Rough-in),$450.00,"$1,200.00",$825.00,Each,,70.00,15100,Plumbing,pl4,,,,,,,,,,,,,,,,,,
Plumbing Tub Filler(s) (Floor Mounted) (Rough-in),$650.00,"$1,000.00",$825.00,Each,,70.00,15100,Plumbing,pl5,,,,,,,,,,,,,,,,,,
Plumbing Tub Filler(s) (Wall Mounted) (Rough-in),$350.00,$950.00,$650.00,Each,,70.00,15100,Plumbing,pl6,,,,,,,,,,,,,,,,,,
Plumbing Tub Filler(s) (Deck Mounted) (Rough-in),$650.00,"$1,200.00",$925.00,Each,,70.00,15100,Plumbing,pl7,,,,,,,,,,,,,,,,,,
Plumbing Convert Water Heater to Tankless (Rough-in),$450.00,"$2,000.00","$1,225.00",Each,,70.00,15100,Plumbing,pl8,,,,,,,,,,,,,,,,,,
Plumbing Move Shower/Tub Drain Location (Rough-in),$550.00,"$1,500.00","$1,025.00",Each,,70.00,15100,Plumbing,pl9,,,,,,,,,,,,,,,,,,
Plumbing Tie into Existing Drain for New Location (Rough-in),$150.00,$250.00,$200.00,LF,,70.00,15100,Plumbing,pl10,,,,,,,,,,,,,,,,,,
Plumbing Run Hot/Cold Water to New Location (Underground)(Rough-in),$75.00,$200.00,$137.50,LF,,70.00,15100,Plumbing,pl11,,,,,,,,,,,,,,,,,,
Plumbing Run Hot/Cold Water to New Location (Overhead) (Rough-in),$25.00,$50.00,$37.50,LF,,70.00,15100,Plumbing,pl12,,,,,,,,,,,,,,,,,,
Plumbing Run Line from Meter to New Water Shutoff (Rough-in),$100.00,$300.00,$200.00,LF,,70.00,15100,Plumbing,pl13,,,,,,,,,,,,,,,,,,
Plumbing Run Gas Line From Meter (Underground) (Rough-in),$200.00,$500.00,$350.00,LF,,70.00,15100,Plumbing,pl14,,,,,,,,,,,,,,,,,,
Plumbing Run Gas Line From Meter (Overhead) (Rough-in),$100.00,$400.00,$250.00,LF,,70.00,15100,Plumbing,pl15,,,,,,,,,,,,,,,,,,
Plumbing Pot Filler (Rough-in),$250.00,$400.00,$325.00,Each,,70.00,15100,Plumbing,pl16,,,,,,,,,,,,,,,,,,
Trim,,,,,,,,,,,,,,,,,,,,,,,,,,,
Plumbing Shower (Trim),$89.00,$125.00,$107.00,Each,,70.00,15400,Plumbing,pl17,,,,,,,,,,,,,,,,,,
Plumbing Shower w/ Handheld (Trim),$125.00,$325.00,$225.00,Each,,70.00,15400,Plumbing,pl18,,,,,,,,,,,,,,,,,,
Plumbing Tub Filler (Trim),$125.00,$650.00,$387.50,Each,,70.00,15400,Plumbing,pl19,,,,,,,,,,,,,,,,,,
Plumbing New Water Heater (Electric),"$1,500.00","$4,000.00","$2,750.00",Each,,70.00,15400,Plumbing,pl20,,,,,,,,,,,,,,,,,,
Plumbing New Water Heater (Tankless),"$4,000.00","$10,000.00","$7,000.00",Each,,70.00,15400,Plumbing,pl21,,,,,,,,,,,,,,,,,,
Plumbing Toilet (Trim),$125.00,$450.00,$287.50,Each,,70.00,15400,Plumbing,pl22,,,,,,,,,,,,,,,,,,
Plumbing Vanity Sink/Faucet (Trim),$125.00,$250.00,$187.50,Each,,70.00,15400,Plumbing,pl23,,,,,,,,,,,,,,,,,,
Plumbing Kitchen Faucet (Trim),$125.00,$250.00,$187.50,Each,,70.00,15400,Plumbing,pl24,,,,,,,,,,,,,,,,,,
Plumbing Kitchen RO (Trim),$250.00,$500.00,$375.00,Each,,70.00,15400,Plumbing,pl25,,,,,,,,,,,,,,,,,,
Plumbing Kitchen Pot Filler (Trim),$125.00,$250.00,$187.50,Each,,70.00,15400,Plumbing,pl26,,,,,,,,,,,,,,,,,,
Plumbing Connect Heat Pump (Furnace) (Trim),$125.00,$400.00,$262.50,Each,,70.00,15400,Plumbing,pl27,,,,,,,,,,,,,,,,,,
Plumbing Connect Fire Pit/BBQ/Fireplace (Trim),$125.00,$500.00,$312.50,Each,,70.00,15400,Plumbing,pl28,,,,,,,,,,,,,,,,,,
,,,,,,,,,,,,,,,,,,,,,,,,,,,
,,,,,,,,,,,,,,,,,,,,,,,,,,,
Fire Suppression / Thermal Protection,,,,,,,,,,,,,,,,,,,,,,,,,,,
Industrial Sprinkler Drops,"$1,200.00","$1,700.00",,Each,,70.00,07800,Fire Protection,fs1,,,,,,,,,,,,,,,,,,
Regualr Drops,$280.00,$320.00,,Each,,70.00,07800,Fire Protection,fs2,,,,,,,,,,,,,,,,,,
,,,,,,,,,,,,,,,,,,,,,,,,,,,
,,,,,,,,,,,,,,,,,,,,,,,,,,,
HVAC,,,,,,,,,,,,,,,,,,,,,,,,,,,
HVAC Units,,,,,,,,,,,,,,,,,,,,,,,,,,,
HVAC New 2 Ton Package Unit,"$7,800.00","$10,500.00","$9,150.00",Each,,70.00,15700,HVAC,me1,,,,,,,,,,,,,,,,,,
HVAC New 3 Ton Package Unit,"$8,800.00","$11,800.00","$10,300.00",Each,,70.00,15700,HVAC,me2,,,,,,,,,,,,,,,,,,
HVAC New 4 Ton Package Unit,"$9,500.00","$12,000.00","$10,750.00",Each,,70.00,15700,HVAC,me3,,,,,,,,,,,,,,,,,,
HVAC New 5 Ton Package Unit,"$9,885.00","$13,500.00","$11,692.50",Each,,70.00,15700,HVAC,me4,,,,,,,,,,,,,,,,,,
HVAC New Mini-Split,"$3,500.00","$6,500.00","$5,000.00",Each,,70.00,15700,HVAC,me5,,,,,,,,,,,,,,,,,,
HVAC Thermostats,$150.00,$650.00,$400.00,Each,,70.00,15700,HVAC,me6,,,,,,,,,,,,,,,,,,
Ductwork,,,,,,,,,,,,,,,,,,,,,,,,,,,
HVAC Flex Duct,,,,LF ,,70.00,15700,HVAC,me7,,,,,,,,,,,,,,,,,,
HVAC Hard Duct,,,,LF ,,70.00,15700,HVAC,me8,,,,,,,,,,,,,,,,,,
HVAC Registers,$170.00,$210.00,$190.00,Each ,,70.00,15700,HVAC,me9,,,,,,,,,,,,,,,,,,
HVAC Returns,$170.00,$210.00,$190.00,Each ,,70.00,15700,HVAC,me10,,,,,,,,,,,,,,,,,,
HVAC Exhaust Fans,$355.00,$545.00,$450.00,Each ,,70.00,15700,HVAC,me11,,,,,,,,,,,,,,,,,,
HVAC Range Hood Exhaust ,$360.00,$540.00,$450.00,Each ,,70.00,15700,HVAC,me12,,,,,,,,,,,,,,,,,,
,,,,,,,,,,,,,,,,,,,,,,,,,,,
,,,,,,,,,,,,,,,,,,,,,,,,,,,
Drywall,,,,,,,,,,,,,,,,,,,,,,,,,,,
Drywall Allowance,,,,Each,,70.00,09250,Drywall,dr1,,,,,,,,,,,,,,,,,,
Drywall Patching,$100.00,$100.00,$100.00,Each,,70.00,09250,Drywall,dr2,,,,,,,,,,,,,,,,,,
"Drwyall New 4x12x1/2"" sheetrock",$100.00,$150.00,$125.00,Each,,70.00,09250,Drywall,dr3,,,,,,,,,,,,,,,,,,
,,,,,,,,,,,,,,,,,,,,,,,,,,,
,,,,,,,,,,,,,,,,,,,,,,,,,,,
Roofing,,,,,,,,,,,,,,,,,,,,,,,,,,,
Flat Roof,,,,,,,,,,,,,,,,,,,,,,,,,,,
Roofing Recoat Flat Roof,$1.10,$3.50,$2.30,Sq Ft,,70.00,07400,Roofing,ro1,,,,,,,,,,,,,,,,,,
Roofing Repair Flat Roof,"$1,800.00","$2,500.00","$2,150.00",Sq Ft,,70.00,07400,Roofing,ro2,,,,,,,,,,,,,,,,,,
Roofing Tear Off and Replace Flat Roof,$4.80,$6.50,$5.65,Sq Ft,,70.00,07400,Roofing,ro3,,,,,,,,,,,,,,,,,,
Roofing New Flat Roof,$4.50,$6.20,$5.35,Sq Ft,,70.00,07400,Roofing,ro4,,,,,,,,,,,,,,,,,,
Asphalt Shingles,,,,,,,,,,,,,,,,,,,,,,,,,,,
Roofing Repair/Replace Asphalt Shingle Roofing,$500.00,"$1,500.00","$1,000.00",Sq Ft,,70.00,07400,Roofing,ro5,,,,,,,,,,,,,,,,,,
Roofing Tear Off and Replace Asphalt Shingle Roofing,$4.20,$5.50,$4.85,Sq Ft,,70.00,07400,Roofing,ro6,,,,,,,,,,,,,,,,,,
Roofing New Asphalt Shingle Roofing,$3.90,$5.20,$4.55,Sq Ft,,70.00,07400,Roofing,ro7,,,,,,,,,,,,,,,,,,
Sancast Tile,,,,,,,,,,,,,,,,,,,,,,,,,,,
Roofing Repair/Replace Sandcast Roofing,$500.00,"$1,500.00","$1,000.00",Sq Ft,,70.00,07400,Roofing,ro8,,,,,,,,,,,,,,,,,,
Roofing Tear Off and Replace Sandcast Tile Roofing,$9.50,$12.50,$11.00,Sq Ft,,70.00,07400,Roofing,ro9,,,,,,,,,,,,,,,,,,
Roofing New Sandcast Tile Roofing,$9.00,$12.00,$10.50,Sq Ft,,70.00,07400,Roofing,ro10,,,,,,,,,,,,,,,,,,
Concrete,,,,,,,,,,,,,,,,,,,,,,,,,,,
Roofing Repair/Replace Concrete Tile Roofing,$500.00,"$1,500.00","$1,000.00",Sq Ft,,70.00,07400,Roofing,ro11,,,,,,,,,,,,,,,,,,
Roofing Tear Off and Replace Concrete Tile Roofing,$3.60,$5.40,$4.50,Sq Ft,,70.00,07400,Roofing,ro12,,,,,,,,,,,,,,,,,,
Roofing New Concrete Tile Roofing,$3.20,$5.00,$4.10,Sq Ft,,70.00,07400,Roofing,ro13,,,,,,,,,,,,,,,,,,
Corrugated,,,,,,,,,,,,,,,,,,,,,,,,,,,
Roofing New Corrugated Roofing,$9.00,$14.00,$11.50,Sq Ft,,70.00,07400,Roofing,ro14,,,,,,,,,,,,,,,,,,
Standing Seam,,,,,,,,,,,,,,,,,,,,,,,,,,,
Roofing New Standing Seam Roofing,$10.00,$15.00,$12.50,Sq Ft,,70.00,07400,Roofing,ro15,,,,,,,,,,,,,,,,,,
,,,,,,,,,,,,,,,,,,,,,,,,,,,
,,,,,,,,,,,,,,,,,,,,,,,,,,,
Stucco,,,,,,,,,,,,,,,,,,,,,,,,,,,
Smooth Synthetic,,,,,,,,,,,,,,,,,,,,,,,,,,,
Stucco Smooth Synthetic Whole House/Addition,$6.25,$7.00,$6.63,Sq Ft,,70.00,09240,Stucco,st1,,,,,,,,,,,,,,,,,,
Stucco Smooth Synthetic Patches Around Windows,"$1,160.00","$1,700.00","$1,430.00",Each,,70.00,09240,Stucco,st2,,,,,,,,,,,,,,,,,,
Stucco Smooth Synthetic Patches around Sliding Doors,"$2,150.00","$3,000.00","$2,575.00",Each,,70.00,09240,Stucco,st3,,,,,,,,,,,,,,,,,,
Smooth Sand,,,,,,,,,,,,,,,,,,,,,,,,,,,
Stucco Smooth Sand Whole House/Addition,$4.00,$4.50,$4.25,Sq Ft,,70.00,09240,Stucco,st4,,,,,,,,,,,,,,,,,,
Stucco Smooth Sand Patches around Windows,$620.00,"$1,000.00",$810.00,Each,,70.00,09240,Stucco,st5,,,,,,,,,,,,,,,,,,
Stucco Smooth Sand Patches around Sliding Doors,"$1,160.00","$2,000.00","$1,580.00",Each,,70.00,09240,Stucco,st6,,,,,,,,,,,,,,,,,,
Cat Eye,,,,,,,,,,,,,,,,,,,,,,,,,,,
Stucco Cat Eye Whole House/Addition,$4.50,$4.75,$4.63,Sq Ft,,70.00,09240,Stucco,st7,,,,,,,,,,,,,,,,,,
Stucco Cat Eye Patches around Windows,$720.00,"$1,250.00",$985.00,Each,,70.00,09240,Stucco,st8,,,,,,,,,,,,,,,,,,
Stucco Cat Eye Patches around Sliding Doors,"$1,340.00","$2,350.00","$1,845.00",Each,,70.00,09240,Stucco,st9,,,,,,,,,,,,,,,,,,
,,,,,,,,,,,,,,,,,,,,,,,,,,,
,,,,,,,,,,,,,,,,,,,,,,,,,,,
Windows and Slider Doors,,,,,,,,,,,,,,,,,,,,,,,,,,,
Window Install,$250.00,$500.00,$375.00,Each,,70.00,08050,Windows and Specialty Doors,wd1,,,,,,,,,,,,,,,,,,
Slider Door Install,"$1,000.00","$2,500.00","$1,750.00",Each,,70.00,08050,Windows and Specialty Doors,wd2,,,,,,,,,,,,,,,,,,
Window Cost,,,,,,50.00,08050,Windows and Specialty Doors,wd3,,,,,,,,,,,,,,,,,,
Slider Door Cost/Steel Door,"$5,500.00","$10,000.00","$7,750.00",Each,,50.00,08050,Windows and Specialty Doors,wd4,,,,,,,,,,,,,,,,,,
,,,,,,,,,,,,,,,,,,,,,,,,,,,
,,,,,,,,,,,,,,,,,,,,,,,,,,,
Flooring,,,,,,,,,,,,,,,,,,,,,,,,,,,
Engineered Hardwood,,,,,,,,,,,,,,,,,,,,,,,,,,,
Engineered Hardwood Install,$4.00,$4.50,$4.25,Sq Ft,,70.00,09600,Flooring,fl1,,,,,,,,,,,,,,,,,,
Engineered Hardwood Material,$8.00,$12.00,$10.00,Sq Ft,0.00,30.00,09600,Flooring,fl2,,,,,,,,,,,,,,,,,,
Engineered Hardwood Stair(s) Labor,$120.00,$120.00,$120.00,Each,,70.00,09600,Flooring,fl3,,,,,,,,,,,,,,,,,,
Engineered Hardwood Stair(s) Nosing Material,$120.00,$120.00,$120.00,Each,,30.00,09600,Flooring,fl4,,,,,,,,,,,,,,,,,,
Engineered Hardwood Floor Prep (Allowance),$1.00,$2.50,$1.75,Sq Ft,,70.00,09600,Flooring,fl5,,,,,,,,,,,,,,,,,,
LVP,,,,,,,,,,,,,,,,,,,,,,,,,,,
LVP Install,$2.50,$3.50,$3.00,Sq Ft,,70.00,09600,Flooring,fl6,,,,,,,,,,,,,,,,,,
LVP Material,$3.00,$6.00,$4.50,Sq Ft,0.00,30.00,09600,Flooring,fl7,,,,,,,,,,,,,,,,,,
LVP Stair(s) Nosing Labor,$120.00,$120.00,$120.00,Each,,70.00,09600,Flooring,fl8,,,,,,,,,,,,,,,,,,
LVP Stair(s) Nosing Material,$65.00,$65.00,$65.00,Each,,30.00,09600,Flooring,fl9,,,,,,,,,,,,,,,,,,
LVP Floor Prep (Allowance),$1.00,$2.50,$1.75,Sq Ft,,70.00,09600,Flooring,fl10,,,,,,,,,,,,,,,,,,
Carpet,,,,,,,,,,,,,,,,,,,,,,,,,,,
Carpet Install and Material,$45.00,$65.00,$55.00,Sq Yard,,70.00,09680,Flooring,fl11,,,,,,,,,,,,,,,,,,
Removal/Grind/Prep,,,,,,,,,,,,,,,,,,,,,,,,,,,
Flooring Glue Removal,$1.00,$1.50,$1.25,Sq Ft,,70.00,09600,Flooring,fl12,,,,,,,,,,,,,,,,,,
Flooring Thinset Removal,$1.00,$2.00,$1.50,Sq Ft,,70.00,09600,Flooring,fl13,,,,,,,,,,,,,,,,,,
Flooring Epoxy Quartz System Removal ,$1.50,$2.50,$2.00,Sq Ft,,70.00,09600,Flooring,fl14,,,,,,,,,,,,,,,,,,
Flooring Basic Concrete Prep,$1.00,$1.00,$1.00,Sq Ft,,70.00,09600,Flooring,fl15,,,,,,,,,,,,,,,,,,
Joint Filler,,,,,,,,,,,,,,,,,,,,,,,,,,,
Flooring Cut Out Existing Control Joint Filler,$1.00,$1.50,$1.25,LF,,70.00,09600,Flooring,fl16,,,,,,,,,,,,,,,,,,
Flooring Fill 2 Part Polyurethane Control Joints,$3.00,$3.00,$3.00,LF,,70.00,09600,Flooring,fl17,,,,,,,,,,,,,,,,,,
Grind and Seal,,,,,,,,,,,,,,,,,,,,,,,,,,,
Flooring Grind and Seal 2 Coats Water Based Acrylic,$3.50,$3.50,$3.50,,,70.00,09600,Flooring,fl18,,,,,,,,,,,,,,,,,,
Flooring Grind and Seal 1 Coat Water Based Acrylic,$4.50,$4.50,$4.50,,,70.00,09600,Flooring,fl19,,,,,,,,,,,,,,,,,,
Flooring Grind and Seal Water Based Epoxy/Urethane,$5.00,$5.00,$5.00,,,70.00,09600,Flooring,fl20,,,,,,,,,,,,,,,,,,
Polished Concrete,,,,,,,,,,,,,,,,,,,,,,,,,,,
Flooring Polished Concrete (Salt and Pepper),$4.50,$4.50,$4.50,Sq Ft,,70.00,09600,Flooring,fl21,,,,,,,,,,,,,,,,,,
Flooring Polished Concrete (Medium Aggregate),$6.50,$6.50,$6.50,Sq Ft,,70.00,09600,Flooring,fl22,,,,,,,,,,,,,,,,,,
Flooring Polished Concrete (Full Aggregate),$8.50,$8.50,$8.50,Sq Ft,,70.00,09600,Flooring,fl23,,,,,,,,,,,,,,,,,,
Epoxy Flooring,,,,,,,,,,,,,,,,,,,,,,,,,,,
Flooring Epoxy (Schroeder),$5.50,$9.00,$7.25,Sq Ft,,70.00,09600,Flooring,fl24,,,,,,,,,,,,,,,,,,
Flooring Solid Color Epoxy (Ground Control),$4.00,$4.00,$4.00,Sq Ft,,70.00,09600,Flooring,fl25,,,,,,,,,,,,,,,,,,
Flooring Partial Flake Epoxy (Ground Control),$4.50,$4.50,$4.50,Sq Ft,,70.00,09600,Flooring,fl26,,,,,,,,,,,,,,,,,,
Flooring Full Flake Epoxy (Ground Control),$5.50,$5.50,$5.50,Sq Ft,,70.00,09600,Flooring,fl27,,,,,,,,,,,,,,,,,,
Flooring Metallic Epoxy (Ground Control),$6.50,$8.50,$7.50,Sq Ft,,70.00,09600,Flooring,fl28,,,,,,,,,,,,,,,,,,
Steam Clean and Seal Pavers,,,,,,,,,,,,,,,,,,,,,,,,,,,
Flooring Steam Clean and Seal Pavers 2 Coats,$4.50,$4.50,$4.50,Sq Ft,,70.00,09600,Flooring,fl29,,,,,,,,,,,,,,,,,,
Flooring Steam Clean Pavers/Concrete,$1.00,$1.50,$1.25,Sq Ft,,70.00,09600,Flooring,fl30,,,,,,,,,,,,,,,,,,
,,,,,,,,,,,,,,,,,,,,,,,,,,,
,,,,,,,,,,,,,,,,,,,,,,,,,,,
Tile,,,,,,,,,,,,,,,,,,,,,,,,,,,
Floor Tile,,,,,,,,,,,,,,,,,,,,,,,,,,,
Tile Float Floor,$0.50,$2.50,$1.50,Sq Ft,,70.00,09300,Tile,ti1,,,,,,,,,,,,,,,,,,
Tile Floor Installation,$4.30,$6.00,$5.15,Sq Ft,,70.00,09300,Tile,ti2,,,,,,,,,,,,,,,,,,
Tile Floor Material,$6.00,$15.00,$10.50,Sq Ft,0.00,30.00,09300,Tile,ti3,,,,,,,,,,,,,,,,,,
Tile Upstairs Tile Floor Installation,$7.50,$10.50,$9.00,,,70.00,09300,Tile,ti4,,,,,,,,,,,,,,,,,,
Shower Tile,,,,,,,,,,,,,,,,,,,,,,,,,,,
Tile Installation Walls,$21.40,$30.00,$25.70,Sq Ft,,70.00,09300,Tile,ti5,,,,,,,,,,,,,,,,,,
Tile Installation Shower Pan,$29.00,$32.00,$30.50,Sq Ft,,70.00,09300,Tile,ti6,,,,,,,,,,,,,,,,,,
Tile Metal Schluter,$8.00,$8.00,$8.00,LF,,70.00,09300,Tile,ti7,,,,,,,,,,,,,,,,,,
Tile Shampoo Niche,$115.00,$350.00,$232.50,Each,,70.00,09300,Tile,ti8,,,,,,,,,,,,,,,,,,
Tile Build Shower Curb,$29.00,$30.00,$29.50,LF,,70.00,09300,Tile,ti9,,,,,,,,,,,,,,,,,,
Tile Sealing of Material,$2.00,$2.85,$2.43,Sq Ft,,70.00,09300,Tile,ti10,,,,,,,,,,,,,,,,,,
Tile Wall/Shower Material,$10.00,$25.00,$17.50,Sq Ft,0.00,30.00,09300,Tile,ti11,,,,,,,,,,,,,,,,,,
Tile Installation Ebbe/Linear Drain,$105.00,$250.00,$177.50,Each,,70.00,09300,Tile,ti12,,,,,,,,,,,,,,,,,,
,,,,,,,,,,,,,,,,,,,,,,,,,,,
,,,,,,,,,,,,,,,,,,,,,,,,,,,
Shower Glass,,,,,,,,,,,,,,,,,,,,,,,,,,,
Shower Glass (See Shower Pricing Sheet),"$2,500.00","$5,500.00","$4,000.00",Each,,70.00,10280,Shower Glass,sh1,,,,,,,,,,,,,,,,,,
Total,,,,,,,,,,,,,,,,,,,,,,,,,,,
,,,,,,,,,,,,,,,,,,,,,,,,,,,
Trim,,,,,,,,,,,,,,,,,,,,,,,,,,,
Finish Carpentry Base Install,$2.00,$4.00,$3.00,LF,,70.00,06200,Finish Carpentry,fc1,,,,,,,,,,,,,,,,,,
Finish Carpentry Case Install,$75.00,$125.00,$100.00,Each,,70.00,06200,Finish Carpentry,fc2,,,,,,,,,,,,,,,,,,
Finish Carpentry Door Install (Paint Single Prehung),$200.00,$300.00,$250.00,Each,,70.00,06200,Finish Carpentry,fc3,,,,,,,,,,,,,,,,,,
Finish Carpentry Door Install (Paint Double Prehung),$300.00,$350.00,$325.00,Each,,70.00,06200,Finish Carpentry,fc4,,,,,,,,,,,,,,,,,,
Finish Carpentry Door Install (Paint Exterior),$350.00,$350.00,$350.00,Each,,70.00,06200,Finish Carpentry,fc5,,,,,,,,,,,,,,,,,,
Finish Carpentry Door Install (Stain Single Prehung),$100.00,$100.00,$100.00,,,70.00,06200,Finish Carpentry,fc6,,,,,,,,,,,,,,,,,,
Finish Carpentry Door Install (Stain Double Prehung),$225.00,$275.00,$250.00,,,70.00,06200,Finish Carpentry,fc7,,,,,,,,,,,,,,,,,,
Finish Carpentry Door Install (Stain Exterior),$350.00,$450.00,$400.00,,,70.00,06200,Finish Carpentry,fc8,,,,,,,,,,,,,,,,,,
Finish Carpentry Base Material,$1.00,$5.50,$3.25,LF,0.00,30.00,06200,Finish Carpentry,fc9,,,,,,,,,,,,,,,,,,
Finish Carpentry Case Material,$1.00,$5.50,$3.25,LF,0.00,30.00,06200,Finish Carpentry,fc10,,,,,,,,,,,,,,,,,,
Finish Carpentry Doors Material,$300.00,$500.00,$400.00,Each,,30.00,06200,Finish Carpentry,fc11,,,,,,,,,,,,,,,,,,
,,,,,,,,,,,,,,,,,,,,,,,,,,,
,,,,,,,,,,,,,,,,,,,,,,,,,,,
Paint,,,,,,,,,,,,,,,,,,,,,,,,,,,
Roman Clay / Venetian,5,5,5,Sq Ft,,70.00,09900,Painting and Coatings,pc1,,,,,,,,,,,,,,,,,,
Interior Paint Allowance,4,5,4.5,Sq Ft,,70.00,09900,Painting and Coatings,pc2,,,,,,,,,,,,,,,,,,
Paint Primer (Walls & Lids),$1.00,$1.00,$1.00,Sq Ft,,70.00,09900,Painting and Coatings,pc3,,,,,,,,,,,,,,,,,,
Paint Walls,$1.00,$1.00,$1.00,Sq Ft,,70.00,09900,Painting and Coatings,pc4,,,,,,,,,,,,,,,,,,
Paint Lids,$1.00,$1.00,$1.00,Sq Ft,,70.00,09900,Painting and Coatings,pc5,,,,,,,,,,,,,,,,,,
Paint Exterior,$1.50,$1.50,$1.50,Sq Ft,,70.00,09900,Painting and Coatings,pc6,,,,,,,,,,,,,,,,,,
Paint Exterior Primer,$1.00,$1.00,$1.00,Sq Ft,,70.00,09900,Painting and Coatings,pc7,,,,,,,,,,,,,,,,,,
Paint/Stain Doors,$250.00,$500.00,$375.00,Each,,70.00,09900,Painting and Coatings,pc8,,,,,,,,,,,,,,,,,,
Paint Window Casing ,$75.00,$75.00,$75.00,Each,,70.00,09900,Painting and Coatings,pc9,,,,,,,,,,,,,,,,,,
Paint Exterior Doors,$250.00,$350.00,$300.00,Each,,70.00,09900,Painting and Coatings,pc10,,,,,,,,,,,,,,,,,,
,,,,,,,,,,,,,,,,,,,,,,,,,,,
,,,,,,,,,,,,,,,,,,,,,,,,,,,
Cabinets,,,,,,,,,,,,,,,,,,,,,,,,,,,
Cabinets Custom Paint Grade,$650.00,$850.00,$750.00,LF,,50.00,06415,Cabinets,ca1,,,,,,,,,,,,,,,,,,
Cabinets Custom Stain Grade,$850.00,"$1,200.00","$1,025.00",LF,,50.00,06415,Cabinets,ca2,,,,,,,,,,,,,,,,,,
Cabinets Custom Full-Height,"$1,000.00","$1,500.00","$1,250.00",LF,,50.00,06415,Cabinets,ca3,,,,,,,,,,,,,,,,,,
,,,,,,,,,,,,,,,,,,,,,,,,,,,
,,,,,,,,,,,,,,,,,,,,,,,,,,,
Countertops,,,,,,,,,,,,,,,,,,,,,,,,,,,
Countertop Fabrication/Installation,65,95,$80.00,Sq Ft,,70.00,09380,Countertops,co1,,,,,,,,,,,,,,,,,,
Countertop Fabrication Mitered Edge,$40.00,$40.00,$40.00,LF,,70.00,09380,Countertops,co2,,,,,,,,,,,,,,,,,,
Countertop Fabrication Kitchen Sink,$300.00,$300.00,$300.00,Each,,70.00,09380,Countertops,co3,,,,,,,,,,,,,,,,,,
Countertop Fabrication Farm Sink,$500.00,$500.00,$500.00,Each,,70.00,09380,Countertops,co4,,,,,,,,,,,,,,,,,,
Countertop Fabrication Vanity(ies),$200.00,$200.00,$200.00,Each,,70.00,09380,Countertops,co5,,,,,,,,,,,,,,,,,,
Countertop Material,"$2,000.00","$3,500.00","$2,750.00",Each,0.00,30.00,09380,Countertops,co6,,,,,,,,,,,,,,,,,,
,,,,,,,,,,,,,,,,,,,,,,,,,,,
,,,,,,,,,,,,,,,,,,,,,,,,,,,
Metal,,,,,,,,,,,,,,,,,,,,,,,,,,,
Metal Fabrication Handrail (Powder Coated Steel Tube Stock),$100.00,$125.00,$112.50,LF,,70.00,05500,Metal Fabrications,mf1,,,,,,,,,,,,,,,,,,
Metal Fabrication Handrail (Powder Coated with Steel Tension Cables),$245.00,$335.00,$290.00,LF,,70.00,05500,Metal Fabrications,mf2,,,,,,,,,,,,,,,,,,
Metal Fabrication Kitchen Hood,"$8,500.00","$12,000.00","$10,250.00",Each,,70.00,05500,Metal Fabrications,mf3,,,,,,,,,,,,,,,,,,
Metal Fabrication Metal Facade,$50.00,$125.00,$87.50,Sq Ft,,70.00,05500,Metal Fabrications,mf4,,,,,,,,,,,,,,,,,,
,,,,,,,,,,,,,,,,,,,,,,,,,,,
,,,,,,,,,,,,,,,,,,,,,,,,,,,
Landscaping,,,,,,,,,,,,,,,,,,,,,,,,,,,
Tree Demo,,,,Each,,,02900,Landscaping,la1,,,,,,,,,,,,,,,,,,
Ground Cover Demo,,,,Each,,,02900,Landscaping,la2,,,,,,,,,,,,,,,,,,
Irrigation (Lines),,,,LF,,,02900,Landscaping,la3,,,,,,,,,,,,,,,,,,
Irrigation (Timer Box),,,,Each,,,02900,Landscaping,la4,,,,,,,,,,,,,,,,,,
Landscape Lighting,,,,Each,,,02900,Landscaping,la5,,,,,,,,,,,,,,,,,,
Water Feature,,,,Each,,,02900,Landscaping,la6,,,,,,,,,,,,,,,,,,
Fire Feature,,,,Each,,,02900,Landscaping,la7,,,,,,,,,,,,,,,,,,
Gas Line,,,,LF,,,02900,Landscaping,la8,,,,,,,,,,,,,,,,,,
Electrical Line,,,,LF,,,02900,Landscaping,la9,,,,,,,,,,,,,,,,,,
Pavers,,,,,,,02900,Landscaping,la10,,,,,,,,,,,,,,,,,,
Landscaping Concrete Pavers,$7.99,$10.00,$9.00,,,70.00,02900,Landscaping,la11,,,,,,,,,,,,,,,,,,
Landscaping Travertine 3 Pc,$18.00,$18.00,$18.00,,,70.00,02900,Landscaping,la12,,,,,,,,,,,,,,,,,,
Landscaping Travertine 4 Pc,$24.00,$24.00,$24.00,,,70.00,02900,Landscaping,la13,,,,,,,,,,,,,,,,,,
Turf,,,,,,,02900,Landscaping,la14,,,,,,,,,,,,,,,,,,
Landscaping 65oz Turf,$8.00,$8.00,$8.00,,,70.00,02900,Landscaping,la15,,,,,,,,,,,,,,,,,,
,,,$0.00,,,,,,,,,,,,,,,,,,,,,,,,
,,,,,,,,,,,,,,,,,,,,,,,,,,,
Pool,,,,,,,,,,,,,,,,,,,,,,,,,,,
Demo Pebble Tec,,,,Sq Ft,,,13150,Pool,po1,,,,,,,,,,,,,,,,,,
Demo Pool Decking,,,,Sq Ft,,,13150,Pool,po2,,,,,,,,,,,,,,,,,,
Pool Equipment Lines,,,,LF,,,13150,Pool,po3,,,,,,,,,,,,,,,,,,
Pool Equipment,,,,Each,,,13150,Pool,po4,,,,,,,,,,,,,,,,,,
New Pebble Tech,,,,Sq Ft,,,13150,Pool,po5,,,,,,,,,,,,,,,,,,
Pool Coping,$20.00,$20.00,$20.00,LF,,,13150,Pool,po6,,,,,,,,,,,,,,,,,,
Pool Water Line Tile,$16.00,$16.00,$16.00,LF,,,13150,Pool,po7,,,,,,,,,,,,,,,,,,
Coping (Material),,,,LF,,,13150,Pool,po8,,,,,,,,,,,,,,,,,,
Pebble Tech (Material),,,,Sq Ft,,,13150,Pool,po9,,,,,,,,,,,,,,,,,,
Water Line Tile (Material),,,,LF,,,13150,Pool,po10,,,,,,,,,,,,,,,,,,
,,,,,,,,,,,,,,,,,,,,,,,,,,,
,,,,,,,,,,,,,,,,,,,,,,,,,,,
Cleaning,,,,,,,,,,,,,,,,,,,,,,,,,,,
Rough Clean,$0.25,$0.25,$0.35,Sq Ft,,70.00,01740,Cleaning,cl1,,,,,,,,,,,,,,,,,,
Final Clean,$0.50,$0.50,$0.65,Sq Ft,,70.00,01740,Cleaning,cl2,,,,,,,,,,,,,,,,,,
Windows,$25.00,$25.00,$25.00,Each,,70.00,01740,Cleaning,cl3,,,,,,,,,,,,,,,,,,
Power Wash,$250.00,$250.00,$350.00,Each,,70.00,01740,Cleaning,cl4,,,,,,,,,,,,,,,,,,
Duct Cleaning,$610.00,$610.00,$610.00,Each,,70.00,01740,Cleaning,cl5,,,,,,,,,,,,,,,,,,
,,,,,,,,,,,,,,,,,,,,,,,,,,,
,,,,,,,,,,,,,,,,,,,,,,,,,,,
,,,,,,,,,,,,,,,,,,,,,,,,,,,
,,,,,,,,,,,,,,,,,,,,,,,,,,,
,,,,,,,,,,,,,,,,,,,,,,,,,,,
,,,,,,,,,,,,,,,,,,,,,,,,,,,
,,,,,,,,,,,,,,,,,,,,,,,,,,,
,,,,,,,,,,,,,,,,,,,,,,,,,,,
,,,,,,,,,,,,,,,,,,,,,,,,,,,
,,,,,,,,,,,,,,,,,,,,,,,,,,,
,,,,,,,,,,,,,,,,,,,,,,,,,,,
,,,,,,,,,,,,,,,,,,,,,,,,,,,
,,,,,,,,,,,,,,,,,,,,,,,,,,,
,,,,,,,,,,,,,,,,,,,,,,,,,,,
,,,,,,,,,,,,,,,,,,,,,,,,,,,
,,,,,,,,,,,,,,,,,,,,,,,,,,,
,,,,,,,,,,,,,,,,,,,,,,,,,,,
,,,,,,,,,,,,,,,,,,,,,,,,,,,
,,,,,,,,,,,,,,,,,,,,,,,,,,,
,,,,,,,,,,,,,,,,,,,,,,,,,,,
,,,,,,,,,,,,,,,,,,,,,,,,,,,
,,,,,,,,,,,,,,,,,,,,,,,,,,,
,,,,,,,,,,,,,,,,,,,,,,,,,,,
,,,,,,,,,,,,,,,,,,,,,,,,,,,
,,,,,,,,,,,,,,,,,,,,,,,,,,,
,,,,,,,,,,,,,,,,,,,,,,,,,,,
,,,,,,,,,,,,,,,,,,,,,,,,,,,
,,,,,,,,,,,,,,,,,,,,,,,,,,,
,,,,,,,,,,,,,,,,,,,,,,,,,,,
,,,,,,,,,,,,,,,,,,,,,,,,,,,
,,,,,,,,,,,,,,,,,,,,,,,,,,,
,,,,,,,,,,,,,,,,,,,,,,,,,,,
,,,,,,,,,,,,,,,,,,,,,,,,,,,
,,,,,,,,,,,,,,,,,,,,,,,,,,,
,,,,,,,,,,,,,,,,,,,,,,,,,,,
,,,,,,,,,,,,,,,,,,,,,,,,,,,
,,,,,,,,,,,,,,,,,,,,,,,,,,,
,,,,,,,,,,,,,,,,,,,,,,,,,,,
,,,,,,,,,,,,,,,,,,,,,,,,,,,
,,,,,,,,,,,,,,,,,,,,,,,,,,,
,,,,,,,,,,,,,,,,,,,,,,,,,,,
,,,,,,,,,,,,,,,,,,,,,,,,,,,
,,,,,,,,,,,,,,,,,,,,,,,,,,,
,,,,,,,,,,,,,,,,,,,,,,,,,,,
,,,,,,,,,,,,,,,,,,,,,,,,,,,
,,,,,,,,,,,,,,,,,,,,,,,,,,,
,,,,,,,,,,,,,,,,,,,,,,,,,,,
,,,,,,,,,,,,,,,,,,,,,,,,,,,
,,,,,,,,,,,,,,,,,,,,,,,,,,,
,,,,,,,,,,,,,,,,,,,,,,,,,,,
,,,,,,,,,,,,,,,,,,,,,,,,,,,
,,,,,,,,,,,,,,,,,,,,,,,,,,,
,,,,,,,,,,,,,,,,,,,,,,,,,,,
,,,,,,,,,,,,,,,,,,,,,,,,,,,
,,,,,,,,,,,,,,,,,,,,,,,,,,,
,,,,,,,,,,,,,,,,,,,,,,,,,,,
,,,,,,,,,,,,,,,,,,,,,,,,,,,
,,,,,,,,,,,,,,,,,,,,,,,,,,,
,,,,,,,,,,,,,,,,,,,,,,,,,,,
,,,,,,,,,,,,,,,,,,,,,,,,,,,
,,,,,,,,,,,,,,,,,,,,,,,,,,,
,,,,,,,,,,,,,,,,,,,,,,,,,,,
,,,,,,,,,,,,,,,,,,,,,,,,,,,
,,,,,,,,,,,,,,,,,,,,,,,,,,,
,,,,,,,,,,,,,,,,,,,,,,,,,,,
,,,,,,,,,,,,,,,,,,,,,,,,,,,
,,,,,,,,,,,,,,,,,,,,,,,,,,,
,,,,,,,,,,,,,,,,,,,,,,,,,,,
,,,,,,,,,,,,,,,,,,,,,,,,,,,
,,,,,,,,,,,,,,,,,,,,,,,,,,,
,,,,,,,,,,,,,,,,,,,,,,,,,,,
,,,,,,,,,,,,,,,,,,,,,,,,,,,
,,,,,,,,,,,,,,,,,,,,,,,,,,,
,,,,,,,,,,,,,,,,,,,,,,,,,,,
,,,,,,,,,,,,,,,,,,,,,,,,,,,
,,,,,,,,,,,,,,,,,,,,,,,,,,,
,,,,,,,,,,,,,,,,,,,,,,,,,,,
,,,,,,,,,,,,,,,,,,,,,,,,,,,
,,,,,,,,,,,,,,,,,,,,,,,,,,,
,,,,,,,,,,,,,,,,,,,,,,,,,,,
,,,,,,,,,,,,,,,,,,,,,,,,,,,
,,,,,,,,,,,,,,,,,,,,,,,,,,,
,,,,,,,,,,,,,,,,,,,,,,,,,,,
,,,,,,,,,,,,,,,,,,,,,,,,,,,
,,,,,,,,,,,,,,,,,,,,,,,,,,,
,,,,,,,,,,,,,,,,,,,,,,,,,,,
,,,,,,,,,,,,,,,,,,,,,,,,,,,
,,,,,,,,,,,,,,,,,,,,,,,,,,,
,,,,,,,,,,,,,,,,,,,,,,,,,,,
,,,,,,,,,,,,,,,,,,,,,,,,,,,
,,,,,,,,,,,,,,,,,,,,,,,,,,,
,,,,,,,,,,,,,,,,,,,,,,,,,,,
,,,,,,,,,,,,,,,,,,,,,,,,,,,
,,,,,,,,,,,,,,,,,,,,,,,,,,,
,,,,,,,,,,,,,,,,,,,,,,,,,,,
,,,,,,,,,,,,,,,,,,,,,,,,,,,
,,,,,,,,,,,,,,,,,,,,,,,,,,,
,,,,,,,,,,,,,,,,,,,,,,,,,,,
,,,,,,,,,,,,,,,,,,,,,,,,,,,
,,,,,,,,,,,,,,,,,,,,,,,,,,,
,,,,,,,,,,,,,,,,,,,,,,,,,,,
,,,,,,,,,,,,,,,,,,,,,,,,,,,
,,,,,,,,,,,,,,,,,,,,,,,,,,,
,,,,,,,,,,,,,,,,,,,,,,,,,,,
,,,,,,,,,,,,,,,,,,,,,,,,,,,
,,,,,,,,,,,,,,,,,,,,,,,,,,,
,,,,,,,,,,,,,,,,,,,,,,,,,,,
,,,,,,,,,,,,,,,,,,,,,,,,,,,
,,,,,,,,,,,,,,,,,,,,,,,,,,,
,,,,,,,,,,,,,,,,,,,,,,,,,,,
,,,,,,,,,,,,,,,,,,,,,,,,,,,
,,,,,,,,,,,,,,,,,,,,,,,,,,,
,,,,,,,,,,,,,,,,,,,,,,,,,,,
,,,,,,,,,,,,,,,,,,,,,,,,,,,
,,,,,,,,,,,,,,,,,,,,,,,,,,,
,,,,,,,,,,,,,,,,,,,,,,,,,,,
,,,,,,,,,,,,,,,,,,,,,,,,,,,
,,,,,,,,,,,,,,,,,,,,,,,,,,,
,,,,,,,,,,,,,,,,,,,,,,,,,,,
,,,,,,,,,,,,,,,,,,,,,,,,,,,
,,,,,,,,,,,,,,,,,,,,,,,,,,,
,,,,,,,,,,,,,,,,,,,,,,,,,,,
,,,,,,,,,,,,,,,,,,,,,,,,,,,
,,,,,,,,,,,,,,,,,,,,,,,,,,,
,,,,,,,,,,,,,,,,,,,,,,,,,,,
,,,,,,,,,,,,,,,,,,,,,,,,,,,
,,,,,,,,,,,,,,,,,,,,,,,,,,,
,,,,,,,,,,,,,,,,,,,,,,,,,,,
,,,,,,,,,,,,,,,,,,,,,,,,,,,
,,,,,,,,,,,,,,,,,,,,,,,,,,,
,,,,,,,,,,,,,,,,,,,,,,,,,,,
,,,,,,,,,,,,,,,,,,,,,,,,,,,
,,,,,,,,,,,,,,,,,,,,,,,,,,,
,,,,,,,,,,,,,,,,,,,,,,,,,,,
,,,,,,,,,,,,,,,,,,,,,,,,,,,
,,,,,,,,,,,,,,,,,,,,,,,,,,,
,,,,,,,,,,,,,,,,,,,,,,,,,,,
,,,,,,,,,,,,,,,,,,,,,,,,,,,
,,,,,,,,,,,,,,,,,,,,,,,,,,,
,,,,,,,,,,,,,,,,,,,,,,,,,,,
,,,,,,,,,,,,,,,,,,,,,,,,,,,
,,,,,,,,,,,,,,,,,,,,,,,,,,,
,,,,,,,,,,,,,,,,,,,,,,,,,,,
,,,,,,,,,,,,,,,,,,,,,,,,,,,
,,,,,,,,,,,,,,,,,,,,,,,,,,,
,,,,,,,,,,,,,,,,,,,,,,,,,,,
,,,,,,,,,,,,,,,,,,,,,,,,,,,
,,,,,,,,,,,,,,,,,,,,,,,,,,,
,,,,,,,,,,,,,,,,,,,,,,,,,,,
,,,,,,,,,,,,,,,,,,,,,,,,,,,
,,,,,,,,,,,,,,,,,,,,,,,,,,,
,,,,,,,,,,,,,,,,,,,,,,,,,,,
,,,,,,,,,,,,,,,,,,,,,,,,,,,
,,,,,,,,,,,,,,,,,,,,,,,,,,,
,,,,,,,,,,,,,,,,,,,,,,,,,,,
,,,,,,,,,,,,,,,,,,,,,,,,,,,
,,,,,,,,,,,,,,,,,,,,,,,,,,,
,,,,,,,,,,,,,,,,,,,,,,,,,,,
,,,,,,,,,,,,,,,,,,,,,,,,,,,
,,,,,,,,,,,,,,,,,,,,,,,,,,,
,,,,,,,,,,,,,,,,,,,,,,,,,,,
,,,,,,,,,,,,,,,,,,,,,,,,,,,
,,,,,,,,,,,,,,,,,,,,,,,,,,,
,,,,,,,,,,,,,,,,,,,,,,,,,,,
,,,,,,,,,,,,,,,,,,,,,,,,,,,
,,,,,,,,,,,,,,,,,,,,,,,,,,,
,,,,,,,,,,,,,,,,,,,,,,,,,,,
,,,,,,,,,,,,,,,,,,,,,,,,,,,
,,,,,,,,,,,,,,,,,,,,,,,,,,,
,,,,,,,,,,,,,,,,,,,,,,,,,,,
,,,,,,,,,,,,,,,,,,,,,,,,,,,
,,,,,,,,,,,,,,,,,,,,,,,,,,,
,,,,,,,,,,,,,,,,,,,,,,,,,,,
,,,,,,,,,,,,,,,,,,,,,,,,,,,
,,,,,,,,,,,,,,,,,,,,,,,,,,,
,,,,,,,,,,,,,,,,,,,,,,,,,,,
,,,,,,,,,,,,,,,,,,,,,,,,,,,
,,,,,,,,,,,,,,,,,,,,,,,,,,,
,,,,,,,,,,,,,,,,,,,,,,,,,,,
,,,,,,,,,,,,,,,,,,,,,,,,,,,
,,,,,,,,,,,,,,,,,,,,,,,,,,,
,,,,,,,,,,,,,,,,,,,,,,,,,,,
,,,,,,,,,,,,,,,,,,,,,,,,,,,
,,,,,,,,,,,,,,,,,,,,,,,,,,,
,,,,,,,,,,,,,,,,,,,,,,,,,,,
,,,,,,,,,,,,,,,,,,,,,,,,,,,
,,,,,,,,,,,,,,,,,,,,,,,,,,,
,,,,,,,,,,,,,,,,,,,,,,,,,,,
,,,,,,,,,,,,,,,,,,,,,,,,,,,
,,,,,,,,,,,,,,,,,,,,,,,,,,,
,,,,,,,,,,,,,,,,,,,,,,,,,,,
,,,,,,,,,,,,,,,,,,,,,,,,,,,
,,,,,,,,,,,,,,,,,,,,,,,,,,,
,,,,,,,,,,,,,,,,,,,,,,,,,,,
,,,,,,,,,,,,,,,,,,,,,,,,,,,
,,,,,,,,,,,,,,,,,,,,,,,,,,,
,,,,,,,,,,,,,,,,,,,,,,,,,,,
,,,,,,,,,,,,,,,,,,,,,,,,,,,
,,,,,,,,,,,,,,,,,,,,,,,,,,,
,,,,,,,,,,,,,,,,,,,,,,,,,,,
,,,,,,,,,,,,,,,,,,,,,,,,,,,
,,,,,,,,,,,,,,,,,,,,,,,,,,,
,,,,,,,,,,,,,,,,,,,,,,,,,,,
,,,,,,,,,,,,,,,,,,,,,,,,,,,
,,,,,,,,,,,,,,,,,,,,,,,,,,,
,,,,,,,,,,,,,,,,,,,,,,,,,,,
,,,,,,,,,,,,,,,,,,,,,,,,,,,
,,,,,,,,,,,,,,,,,,,,,,,,,,,
,,,,,,,,,,,,,,,,,,,,,,,,,,,
,,,,,,,,,,,,,,,,,,,,,,,,,,,
,,,,,,,,,,,,,,,,,,,,,,,,,,,
,,,,,,,,,,,,,,,,,,,,,,,,,,,
,,,,,,,,,,,,,,,,,,,,,,,,,,,
,,,,,,,,,,,,,,,,,,,,,,,,,,,
,,,,,,,,,,,,,,,,,,,,,,,,,,,
,,,,,,,,,,,,,,,,,,,,,,,,,,,
,,,,,,,,,,,,,,,,,,,,,,,,,,,
,,,,,,,,,,,,,,,,,,,,,,,,,,,
,,,,,,,,,,,,,,,,,,,,,,,,,,,
,,,,,,,,,,,,,,,,,,,,,,,,,,,
,,,,,,,,,,,,,,,,,,,,,,,,,,,
,,,,,,,,,,,,,,,,,,,,,,,,,,,
,,,,,,,,,,,,,,,,,,,,,,,,,,,
,,,,,,,,,,,,,,,,,,,,,,,,,,,
,,,,,,,,,,,,,,,,,,,,,,,,,,,
,,,,,,,,,,,,,,,,,,,,,,,,,,,
,,,,,,,,,,,,,,,,,,,,,,,,,,,
,,,,,,,,,,,,,,,,,,,,,,,,,,,
,,,,,,,,,,,,,,,,,,,,,,,,,,,
,,,,,,,,,,,,,,,,,,,,,,,,,,,
,,,,,,,,,,,,,,,,,,,,,,,,,,,
,,,,,,,,,,,,,,,,,,,,,,,,,,,
,,,,,,,,,,,,,,,,,,,,,,,,,,,
,,,,,,,,,,,,,,,,,,,,,,,,,,,
,,,,,,,,,,,,,,,,,,,,,,,,,,,
,,,,,,,,,,,,,,,,,,,,,,,,,,,
,,,,,,,,,,,,,,,,,,,,,,,,,,,
,,,,,,,,,,,,,,,,,,,,,,,,,,,
,,,,,,,,,,,,,,,,,,,,,,,,,,,
,,,,,,,,,,,,,,,,,,,,,,,,,,,
,,,,,,,,,,,,,,,,,,,,,,,,,,,
,,,,,,,,,,,,,,,,,,,,,,,,,,,
,,,,,,,,,,,,,,,,,,,,,,,,,,,
,,,,,,,,,,,,,,,,,,,,,,,,,,,
,,,,,,,,,,,,,,,,,,,,,,,,,,,
,,,,,,,,,,,,,,,,,,,,,,,,,,,
,,,,,,,,,,,,,,,,,,,,,,,,,,,
,,,,,,,,,,,,,,,,,,,,,,,,,,,
,,,,,,,,,,,,,,,,,,,,,,,,,,,
,,,,,,,,,,,,,,,,,,,,,,,,,,,
,,,,,,,,,,,,,,,,,,,,,,,,,,,
,,,,,,,,,,,,,,,,,,,,,,,,,,,
,,,,,,,,,,,,,,,,,,,,,,,,,,,
,,,,,,,,,,,,,,,,,,,,,,,,,,,
,,,,,,,,,,,,,,,,,,,,,,,,,,,
,,,,,,,,,,,,,,,,,,,,,,,,,,,
,,,,,,,,,,,,,,,,,,,,,,,,,,,
,,,,,,,,,,,,,,,,,,,,,,,,,,,
,,,,,,,,,,,,,,,,,,,,,,,,,,,
,,,,,,,,,,,,,,,,,,,,,,,,,,,
,,,,,,,,,,,,,,,,,,,,,,,,,,,
,,,,,,,,,,,,,,,,,,,,,,,,,,,
,,,,,,,,,,,,,,,,,,,,,,,,,,,
,,,,,,,,,,,,,,,,,,,,,,,,,,,
,,,,,,,,,,,,,,,,,,,,,,,,,,,
,,,,,,,,,,,,,,,,,,,,,,,,,,,
,,,,,,,,,,,,,,,,,,,,,,,,,,,
,,,,,,,,,,,,,,,,,,,,,,,,,,,
,,,,,,,,,,,,,,,,,,,,,,,,,,,
,,,,,,,,,,,,,,,,,,,,,,,,,,,
,,,,,,,,,,,,,,,,,,,,,,,,,,,
,,,,,,,,,,,,,,,,,,,,,,,,,,,
,,,,,,,,,,,,,,,,,,,,,,,,,,,
,,,,,,,,,,,,,,,,,,,,,,,,,,,
,,,,,,,,,,,,,,,,,,,,,,,,,,,
,,,,,,,,,,,,,,,,,,,,,,,,,,,
,,,,,,,,,,,,,,,,,,,,,,,,,,,
,,,,,,,,,,,,,,,,,,,,,,,,,,,
,,,,,,,,,,,,,,,,,,,,,,,,,,,
,,,,,,,,,,,,,,,,,,,,,,,,,,,
,,,,,,,,,,,,,,,,,,,,,,,,,,,
,,,,,,,,,,,,,,,,,,,,,,,,,,,
,,,,,,,,,,,,,,,,,,,,,,,,,,,
,,,,,,,,,,,,,,,,,,,,,,,,,,,
,,,,,,,,,,,,,,,,,,,,,,,,,,,
,,,,,,,,,,,,,,,,,,,,,,,,,,,
,,,,,,,,,,,,,,,,,,,,,,,,,,,
,,,,,,,,,,,,,,,,,,,,,,,,,,,
,,,,,,,,,,,,,,,,,,,,,,,,,,,
,,,,,,,,,,,,,,,,,,,,,,,,,,,
,,,,,,,,,,,,,,,,,,,,,,,,,,,
,,,,,,,,,,,,,,,,,,,,,,,,,,,
,,,,,,,,,,,,,,,,,,,,,,,,,,,
,,,,,,,,,,,,,,,,,,,,,,,,,,,
,,,,,,,,,,,,,,,,,,,,,,,,,,,
,,,,,,,,,,,,,,,,,,,,,,,,,,,
,,,,,,,,,,,,,,,,,,,,,,,,,,,
,,,,,,,,,,,,,,,,,,,,,,,,,,,
,,,,,,,,,,,,,,,,,,,,,,,,,,,
,,,,,,,,,,,,,,,,,,,,,,,,,,,
,,,,,,,,,,,,,,,,,,,,,,,,,,,
,,,,,,,,,,,,,,,,,,,,,,,,,,,
,,,,,,,,,,,,,,,,,,,,,,,,,,,
,,,,,,,,,,,,,,,,,,,,,,,,,,,
,,,,,,,,,,,,,,,,,,,,,,,,,,,
,,,,,,,,,,,,,,,,,,,,,,,,,,,
,,,,,,,,,,,,,,,,,,,,,,,,,,,
,,,,,,,,,,,,,,,,,,,,,,,,,,,
,,,,,,,,,,,,,,,,,,,,,,,,,,,
,,,,,,,,,,,,,,,,,,,,,,,,,,,
,,,,,,,,,,,,,,,,,,,,,,,,,,,
,,,,,,,,,,,,,,,,,,,,,,,,,,,
,,,,,,,,,,,,,,,,,,,,,,,,,,,
,,,,,,,,,,,,,,,,,,,,,,,,,,,
,,,,,,,,,,,,,,,,,,,,,,,,,,,
,,,,,,,,,,,,,,,,,,,,,,,,,,,
,,,,,,,,,,,,,,,,,,,,,,,,,,,
,,,,,,,,,,,,,,,,,,,,,,,,,,,
,,,,,,,,,,,,,,,,,,,,,,,,,,,
,,,,,,,,,,,,,,,,,,,,,,,,,,,
,,,,,,,,,,,,,,,,,,,,,,,,,,,
,,,,,,,,,,,,,,,,,,,,,,,,,,,
,,,,,,,,,,,,,,,,,,,,,,,,,,,
,,,,,,,,,,,,,,,,,,,,,,,,,,,
,,,,,,,,,,,,,,,,,,,,,,,,,,,
,,,,,,,,,,,,,,,,,,,,,,,,,,,
,,,,,,,,,,,,,,,,,,,,,,,,,,,
,,,,,,,,,,,,,,,,,,,,,,,,,,,
,,,,,,,,,,,,,,,,,,,,,,,,,,,
,,,,,,,,,,,,,,,,,,,,,,,,,,,
,,,,,,,,,,,,,,,,,,,,,,,,,,,
,,,,,,,,,,,,,,,,,,,,,,,,,,,
,,,,,,,,,,,,,,,,,,,,,,,,,,,
,,,,,,,,,,,,,,,,,,,,,,,,,,,
,,,,,,,,,,,,,,,,,,,,,,,,,,,
,,,,,,,,,,,,,,,,,,,,,,,,,,,
,,,,,,,,,,,,,,,,,,,,,,,,,,,
,,,,,,,,,,,,,,,,,,,,,,,,,,,
,,,,,,,,,,,,,,,,,,,,,,,,,,,
,,,,,,,,,,,,,,,,,,,,,,,,,,,
,,,,,,,,,,,,,,,,,,,,,,,,,,,
,,,,,,,,,,,,,,,,,,,,,,,,,,,
,,,,,,,,,,,,,,,,,,,,,,,,,,,
,,,,,,,,,,,,,,,,,,,,,,,,,,,
,,,,,,,,,,,,,,,,,,,,,,,,,,,
,,,,,,,,,,,,,,,,,,,,,,,,,,,
,,,,,,,,,,,,,,,,,,,,,,,,,,,
,,,,,,,,,,,,,,,,,,,,,,,,,,,
,,,,,,,,,,,,,,,,,,,,,,,,,,,
,,,,,,,,,,,,,,,,,,,,,,,,,,,
,,,,,,,,,,,,,,,,,,,,,,,,,,,
,,,,,,,,,,,,,,,,,,,,,,,,,,,
,,,,,,,,,,,,,,,,,,,,,,,,,,,
,,,,,,,,,,,,,,,,,,,,,,,,,,,
,,,,,,,,,,,,,,,,,,,,,,,,,,,
,,,,,,,,,,,,,,,,,,,,,,,,,,,
,,,,,,,,,,,,,,,,,,,,,,,,,,,
,,,,,,,,,,,,,,,,,,,,,,,,,,,
,,,,,,,,,,,,,,,,,,,,,,,,,,,
,,,,,,,,,,,,,,,,,,,,,,,,,,,
,,,,,,,,,,,,,,,,,,,,,,,,,,,
,,,,,,,,,,,,,,,,,,,,,,,,,,,
,,,,,,,,,,,,,,,,,,,,,,,,,,,
,,,,,,,,,,,,,,,,,,,,,,,,,,,
,,,,,,,,,,,,,,,,,,,,,,,,,,,
,,,,,,,,,,,,,,,,,,,,,,,,,,,
,,,,,,,,,,,,,,,,,,,,,,,,,,,
,,,,,,,,,,,,,,,,,,,,,,,,,,,
,,,,,,,,,,,,,,,,,,,,,,,,,,,
,,,,,,,,,,,,,,,,,,,,,,,,,,,
,,,,,,,,,,,,,,,,,,,,,,,,,,,
,,,,,,,,,,,,,,,,,,,,,,,,,,,
,,,,,,,,,,,,,,,,,,,,,,,,,,,
,,,,,,,,,,,,,,,,,,,,,,,,,,,
,,,,,,,,,,,,,,,,,,,,,,,,,,,
,,,,,,,,,,,,,,,,,,,,,,,,,,,
,,,,,,,,,,,,,,,,,,,,,,,,,,,
,,,,,,,,,,,,,,,,,,,,,,,,,,,
,,,,,,,,,,,,,,,,,,,,,,,,,,,
,,,,,,,,,,,,,,,,,,,,,,,,,,,
,,,,,,,,,,,,,,,,,,,,,,,,,,,
,,,,,,,,,,,,,,,,,,,,,,,,,,,
,,,,,,,,,,,,,,,,,,,,,,,,,,,
,,,,,,,,,,,,,,,,,,,,,,,,,,,
,,,,,,,,,,,,,,,,,,,,,,,,,,,
,,,,,,,,,,,,,,,,,,,,,,,,,,,
,,,,,,,,,,,,,,,,,,,,,,,,,,,
,,,,,,,,,,,,,,,,,,,,,,,,,,,
,,,,,,,,,,,,,,,,,,,,,,,,,,,
,,,,,,,,,,,,,,,,,,,,,,,,,,,
,,,,,,,,,,,,,,,,,,,,,,,,,,,
,,,,,,,,,,,,,,,,,,,,,,,,,,,
,,,,,,,,,,,,,,,,,,,,,,,,,,,
,,,,,,,,,,,,,,,,,,,,,,,,,,,
,,,,,,,,,,,,,,,,,,,,,,,,,,,
,,,,,,,,,,,,,,,,,,,,,,,,,,,
,,,,,,,,,,,,,,,,,,,,,,,,,,,
,,,,,,,,,,,,,,,,,,,,,,,,,,,
,,,,,,,,,,,,,,,,,,,,,,,,,,,
,,,,,,,,,,,,,,,,,,,,,,,,,,,
,,,,,,,,,,,,,,,,,,,,,,,,,,,
,,,,,,,,,,,,,,,,,,,,,,,,,,,
,,,,,,,,,,,,,,,,,,,,,,,,,,,
,,,,,,,,,,,,,,,,,,,,,,,,,,,
,,,,,,,,,,,,,,,,,,,,,,,,,,,
,,,,,,,,,,,,,,,,,,,,,,,,,,,
,,,,,,,,,,,,,,,,,,,,,,,,,,,
,,,,,,,,,,,,,,,,,,,,,,,,,,,
,,,,,,,,,,,,,,,,,,,,,,,,,,,
,,,,,,,,,,,,,,,,,,,,,,,,,,,
,,,,,,,,,,,,,,,,,,,,,,,,,,,
,,,,,,,,,,,,,,,,,,,,,,,,,,,
,,,,,,,,,,,,,,,,,,,,,,,,,,,
,,,,,,,,,,,,,,,,,,,,,,,,,,,
,,,,,,,,,,,,,,,,,,,,,,,,,,,
,,,,,,,,,,,,,,,,,,,,,,,,,,,
,,,,,,,,,,,,,,,,,,,,,,,,,,,
,,,,,,,,,,,,,,,,,,,,,,,,,,,
,,,,,,,,,,,,,,,,,,,,,,,,,,,
,,,,,,,,,,,,,,,,,,,,,,,,,,,
,,,,,,,,,,,,,,,,,,,,,,,,,,,
,,,,,,,,,,,,,,,,,,,,,,,,,,,
,,,,,,,,,,,,,,,,,,,,,,,,,,,
,,,,,,,,,,,,,,,,,,,,,,,,,,,
,,,,,,,,,,,,,,,,,,,,,,,,,,,
,,,,,,,,,,,,,,,,,,,,,,,,,,,
,,,,,,,,,,,,,,,,,,,,,,,,,,,
,,,,,,,,,,,,,,,,,,,,,,,,,,,
,,,,,,,,,,,,,,,,,,,,,,,,,,,
,,,,,,,,,,,,,,,,,,,,,,,,,,,
,,,,,,,,,,,,,,,,,,,,,,,,,,,
,,,,,,,,,,,,,,,,,,,,,,,,,,,
,,,,,,,,,,,,,,,,,,,,,,,,,,,
,,,,,,,,,,,,,,,,,,,,,,,,,,,
,,,,,,,,,,,,,,,,,,,,,,,,,,,
,,,,,,,,,,,,,,,,,,,,,,,,,,,
,,,,,,,,,,,,,,,,,,,,,,,,,,,
,,,,,,,,,,,,,,,,,,,,,,,,,,,
,,,,,,,,,,,,,,,,,,,,,,,,,,,
,,,,,,,,,,,,,,,,,,,,,,,,,,,
,,,,,,,,,,,,,,,,,,,,,,,,,,,
,,,,,,,,,,,,,,,,,,,,,,,,,,,
,,,,,,,,,,,,,,,,,,,,,,,,,,,
,,,,,,,,,,,,,,,,,,,,,,,,,,,
,,,,,,,,,,,,,,,,,,,,,,,,,,,
,,,,,,,,,,,,,,,,,,,,,,,,,,,
,,,,,,,,,,,,,,,,,,,,,,,,,,,
,,,,,,,,,,,,,,,,,,,,,,,,,,,
,,,,,,,,,,,,,,,,,,,,,,,,,,,
,,,,,,,,,,,,,,,,,,,,,,,,,,,
,,,,,,,,,,,,,,,,,,,,,,,,,,,
,,,,,,,,,,,,,,,,,,,,,,,,,,,
,,,,,,,,,,,,,,,,,,,,,,,,,,,
,,,,,,,,,,,,,,,,,,,,,,,,,,,
,,,,,,,,,,,,,,,,,,,,,,,,,,,
,,,,,,,,,,,,,,,,,,,,,,,,,,,
,,,,,,,,,,,,,,,,,,,,,,,,,,,
,,,,,,,,,,,,,,,,,,,,,,,,,,,
,,,,,,,,,,,,,,,,,,,,,,,,,,,
,,,,,,,,,,,,,,,,,,,,,,,,,,,
,,,,,,,,,,,,,,,,,,,,,,,,,,,
,,,,,,,,,,,,,,,,,,,,,,,,,,,
,,,,,,,,,,,,,,,,,,,,,,,,,,,
,,,,,,,,,,,,,,,,,,,,,,,,,,,
,,,,,,,,,,,,,,,,,,,,,,,,,,,
,,,,,,,,,,,,,,,,,,,,,,,,,,,
,,,,,,,,,,,,,,,,,,,,,,,,,,,
,,,,,,,,,,,,,,,,,,,,,,,,,,,
,,,,,,,,,,,,,,,,,,,,,,,,,,,
,,,,,,,,,,,,,,,,,,,,,,,,,,,
,,,,,,,,,,,,,,,,,,,,,,,,,,,
,,,,,,,,,,,,,,,,,,,,,,,,,,,
,,,,,,,,,,,,,,,,,,,,,,,,,,,
,,,,,,,,,,,,,,,,,,,,,,,,,,,
,,,,,,,,,,,,,,,,,,,,,,,,,,,
,,,,,,,,,,,,,,,,,,,,,,,,,,,
,,,,,,,,,,,,,,,,,,,,,,,,,,,
,,,,,,,,,,,,,,,,,,,,,,,,,,,
,,,,,,,,,,,,,,,,,,,,,,,,,,,
,,,,,,,,,,,,,,,,,,,,,,,,,,,
,,,,,,,,,,,,,,,,,,,,,,,,,,,
,,,,,,,,,,,,,,,,,,,,,,,,,,,
,,,,,,,,,,,,,,,,,,,,,,,,,,,
,,,,,,,,,,,,,,,,,,,,,,,,,,,
,,,,,,,,,,,,,,,,,,,,,,,,,,,
,,,,,,,,,,,,,,,,,,,,,,,,,,,
,,,,,,,,,,,,,,,,,,,,,,,,,,,
,,,,,,,,,,,,,,,,,,,,,,,,,,,
,,,,,,,,,,,,,,,,,,,,,,,,,,,
,,,,,,,,,,,,,,,,,,,,,,,,,,,
,,,,,,,,,,,,,,,,,,,,,,,,,,,
,,,,,,,,,,,,,,,,,,,,,,,,,,,
,,,,,,,,,,,,,,,,,,,,,,,,,,,
,,,,,,,,,,,,,,,,,,,,,,,,,,,
,,,,,,,,,,,,,,,,,,,,,,,,,,,
,,,,,,,,,,,,,,,,,,,,,,,,,,,
,,,,,,,,,,,,,,,,,,,,,,,,,,,
,,,,,,,,,,,,,,,,,,,,,,,,,,,
,,,,,,,,,,,,,,,,,,,,,,,,,,,
,,,,,,,,,,,,,,,,,,,,,,,,,,,
,,,,,,,,,,,,,,,,,,,,,,,,,,,
,,,,,,,,,,,,,,,,,,,,,,,,,,,
,,,,,,,,,,,,,,,,,,,,,,,,,,,
,,,,,,,,,,,,,,,,,,,,,,,,,,,
,,,,,,,,,,,,,,,,,,,,,,,,,,,
,,,,,,,,,,,,,,,,,,,,,,,,,,,
,,,,,,,,,,,,,,,,,,,,,,,,,,,
,,,,,,,,,,,,,,,,,,,,,,,,,,,
,,,,,,,,,,,,,,,,,,,,,,,,,,,
,,,,,,,,,,,,,,,,,,,,,,,,,,,
,,,,,,,,,,,,,,,,,,,,,,,,,,,
,,,,,,,,,,,,,,,,,,,,,,,,,,,
,,,,,,,,,,,,,,,,,,,,,,,,,,,
,,,,,,,,,,,,,,,,,,,,,,,,,,,
,,,,,,,,,,,,,,,,,,,,,,,,,,,
,,,,,,,,,,,,,,,,,,,,,,,,,,,
,,,,,,,,,,,,,,,,,,,,,,,,,,,
,,,,,,,,,,,,,,,,,,,,,,,,,,,
,,,,,,,,,,,,,,,,,,,,,,,,,,,
,,,,,,,,,,,,,,,,,,,,,,,,,,,
,,,,,,,,,,,,,,,,,,,,,,,,,,,
,,,,,,,,,,,,,,,,,,,,,,,,,,,
,,,,,,,,,,,,,,,,,,,,,,,,,,,
,,,,,,,,,,,,,,,,,,,,,,,,,,,
,,,,,,,,,,,,,,,,,,,,,,,,,,,
,,,,,,,,,,,,,,,,,,,,,,,,,,,
,,,,,,,,,,,,,,,,,,,,,,,,,,,
,,,,,,,,,,,,,,,,,,,,,,,,,,,
,,,,,,,,,,,,,,,,,,,,,,,,,,,
,,,,,,,,,,,,,,,,,,,,,,,,,,,
,,,,,,,,,,,,,,,,,,,,,,,,,,,
,,,,,,,,,,,,,,,,,,,,,,,,,,,
,,,,,,,,,,,,,,,,,,,,,,,,,,,
,,,,,,,,,,,,,,,,,,,,,,,,,,,
,,,,,,,,,,,,,,,,,,,,,,,,,,,
,,,,,,,,,,,,,,,,,,,,,,,,,,,
,,,,,,,,,,,,,,,,,,,,,,,,,,,
,,,,,,,,,,,,,,,,,,,,,,,,,,,
,,,,,,,,,,,,,,,,,,,,,,,,,,,
,,,,,,,,,,,,,,,,,,,,,,,,,,,
,,,,,,,,,,,,,,,,,,,,,,,,,,,
,,,,,,,,,,,,,,,,,,,,,,,,,,,
,,,,,,,,,,,,,,,,,,,,,,,,,,,
,,,,,,,,,,,,,,,,,,,,,,,,,,,
,,,,,,,,,,,,,,,,,,,,,,,,,,,
,,,,,,,,,,,,,,,,,,,,,,,,,,,
,,,,,,,,,,,,,,,,,,,,,,,,,,,
,,,,,,,,,,,,,,,,,,,,,,,,,,,
,,,,,,,,,,,,,,,,,,,,,,,,,,,
,,,,,,,,,,,,,,,,,,,,,,,,,,,
,,,,,,,,,,,,,,,,,,,,,,,,,,,
,,,,,,,,,,,,,,,,,,,,,,,,,,,
,,,,,,,,,,,,,,,,,,,,,,,,,,,
,,,,,,,,,,,,,,,,,,,,,,,,,,,
,,,,,,,,,,,,,,,,,,,,,,,,,,,
,,,,,,,,,,,,,,,,,,,,,,,,,,,
,,,,,,,,,,,,,,,,,,,,,,,,,,,
,,,,,,,,,,,,,,,,,,,,,,,,,,,
,,,,,,,,,,,,,,,,,,,,,,,,,,,
,,,,,,,,,,,,,,,,,,,,,,,,,,,
,,,,,,,,,,,,,,,,,,,,,,,,,,,
,,,,,,,,,,,,,,,,,,,,,,,,,,,
,,,,,,,,,,,,,,,,,,,,,,,,,,,
,,,,,,,,,,,,,,,,,,,,,,,,,,,
,,,,,,,,,,,,,,,,,,,,,,,,,,,
,,,,,,,,,,,,,,,,,,,,,,,,,,,
,,,,,,,,,,,,,,,,,,,,,,,,,,,
,,,,,,,,,,,,,,,,,,,,,,,,,,,
,,,,,,,,,,,,,,,,,,,,,,,,,,,
,,,,,,,,,,,,,,,,,,,,,,,,,,,
,,,,,,,,,,,,,,,,,,,,,,,,,,,
,,,,,,,,,,,,,,,,,,,,,,,,,,,
,,,,,,,,,,,,,,,,,,,,,,,,,,,
,,,,,,,,,,,,,,,,,,,,,,,,,,,
,,,,,,,,,,,,,,,,,,,,,,,,,,,
,,,,,,,,,,,,,,,,,,,,,,,,,,,
,,,,,,,,,,,,,,,,,,,,,,,,,,,
,,,,,,,,,,,,,,,,,,,,,,,,,,,
,,,,,,,,,,,,,,,,,,,,,,,,,,,
,,,,,,,,,,,,,,,,,,,,,,,,,,,
,,,,,,,,,,,,,,,,,,,,,,,,,,,
,,,,,,,,,,,,,,,,,,,,,,,,,,,
,,,,,,,,,,,,,,,,,,,,,,,,,,,
,,,,,,,,,,,,,,,,,,,,,,,,,,,
,,,,,,,,,,,,,,,,,,,,,,,,,,,
,,,,,,,,,,,,,,,,,,,,,,,,,,,
,,,,,,,,,,,,,,,,,,,,,,,,,,,
,,,,,,,,,,,,,,,,,,,,,,,,,,,
,,,,,,,,,,,,,,,,,,,,,,,,,,,
,,,,,,,,,,,,,,,,,,,,,,,,,,,
,,,,,,,,,,,,,,,,,,,,,,,,,,,
,,,,,,,,,,,,,,,,,,,,,,,,,,,
,,,,,,,,,,,,,,,,,,,,,,,,,,,
,,,,,,,,,,,,,,,,,,,,,,,,,,,
,,,,,,,,,,,,,,,,,,,,,,,,,,,
,,,,,,,,,,,,,,,,,,,,,,,,,,,
,,,,,,,,,,,,,,,,,,,,,,,,,,,
,,,,,,,,,,,,,,,,,,,,,,,,,,,
,,,,,,,,,,,,,,,,,,,,,,,,,,,
,,,,,,,,,,,,,,,,,,,,,,,,,,,
,,,,,,,,,,,,,,,,,,,,,,,,,,,
,,,,,,,,,,,,,,,,,,,,,,,,,,,
,,,,,,,,,,,,,,,,,,,,,,,,,,,
,,,,,,,,,,,,,,,,,,,,,,,,,,,
,,,,,,,,,,,,,,,,,,,,,,,,,,,
,,,,,,,,,,,,,,,,,,,,,,,,,,,
,,,,,,,,,,,,,,,,,,,,,,,,,,,
,,,,,,,,,,,,,,,,,,,,,,,,,,,
,,,,,,,,,,,,,,,,,,,,,,,,,,,
,,,,,,,,,,,,,,,,,,,,,,,,,,,
,,,,,,,,,,,,,,,,,,,,,,,,,,,
,,,,,,,,,,,,,,,,,,,,,,,,,,,
,,,,,,,,,,,,,,,,,,,,,,,,,,,
,,,,,,,,,,,,,,,,,,,,,,,,,,,
,,,,,,,,,,,,,,,,,,,,,,,,,,,
,,,,,,,,,,,,,,,,,,,,,,,,,,,
,,,,,,,,,,,,,,,,,,,,,,,,,,,
,,,,,,,,,,,,,,,,,,,,,,,,,,,
,,,,,,,,,,,,,,,,,,,,,,,,,,,
,,,,,,,,,,,,,,,,,,,,,,,,,,,
,,,,,,,,,,,,,,,,,,,,,,,,,,,
,,,,,,,,,,,,,,,,,,,,,,,,,,,
,,,,,,,,,,,,,,,,,,,,,,,,,,,
,,,,,,,,,,,,,,,,,,,,,,,,,,,
,,,,,,,,,,,,,,,,,,,,,,,,,,,
,,,,,,,,,,,,,,,,,,,,,,,,,,,
,,,,,,,,,,,,,,,,,,,,,,,,,,,
,,,,,,,,,,,,,,,,,,,,,,,,,,,
,,,,,,,,,,,,,,,,,,,,,,,,,,,
,,,,,,,,,,,,,,,,,,,,,,,,,,,
,,,,,,,,,,,,,,,,,,,,,,,,,,,
,,,,,,,,,,,,,,,,,,,,,,,,,,,
,,,,,,,,,,,,,,,,,,,,,,,,,,,
,,,,,,,,,,,,,,,,,,,,,,,,,,,
,,,,,,,,,,,,,,,,,,,,,,,,,,,
,,,,,,,,,,,,,,,,,,,,,,,,,,,
,,,,,,,,,,,,,,,,,,,,,,,,,,,
,,,,,,,,,,,,,,,,,,,,,,,,,,,
,,,,,,,,,,,,,,,,,,,,,,,,,,,
,,,,,,,,,,,,,,,,,,,,,,,,,,,
,,,,,,,,,,,,,,,,,,,,,,,,,,,
,,,,,,,,,,,,,,,,,,,,,,,,,,,
,,,,,,,,,,,,,,,,,,,,,,,,,,,
,,,,,,,,,,,,,,,,,,,,,,,,,,,
,,,,,,,,,,,,,,,,,,,,,,,,,,,
,,,,,,,,,,,,,,,,,,,,,,,,,,,
,,,,,,,,,,,,,,,,,,,,,,,,,,,
,,,,,,,,,,,,,,,,,,,,,,,,,,,
,,,,,,,,,,,,,,,,,,,,,,,,,,,
,,,,,,,,,,,,,,,,,,,,,,,,,,,
,,,,,,,,,,,,,,,,,,,,,,,,,,,
,,,,,,,,,,,,,,,,,,,,,,,,,,,
,,,,,,,,,,,,,,,,,,,,,,,,,,,
,,,,,,,,,,,,,,,,,,,,,,,,,,,
,,,,,,,,,,,,,,,,,,,,,,,,,,,
,,,,,,,,,,,,,,,,,,,,,,,,,,,
,,,,,,,,,,,,,,,,,,,,,,,,,,,
,,,,,,,,,,,,,,,,,,,,,,,,,,,
,,,,,,,,,,,,,,,,,,,,,,,,,,,
,,,,,,,,,,,,,,,,,,,,,,,,,,,
,,,,,,,,,,,,,,,,,,,,,,,,,,,